nest_ID,nest_label,year,tile_ID,colony,nest_latitude,nest_longitude,date_found,date_last_alive,status,sex,minimum_age,aspect_degrees,slope_degrees,matched,nest_visible_in_satellite_binary,nest_visible_in_satellite
13237,TRAL_2018_Gonydale100,2018,257,Gonydale,-40.335876,-9.918915,06-Jan-18,05-Jun-18,breeder,Female,22.0,169,15.3,False,0,No
13239,TRAL_2018_Gonydale102,2018,217,Gonydale,-40.337673,-9.923377,06-Jan-18,04-May-18,breeder,,,162,19.8,False,0,No
13240,TRAL_2018_Gonydale103,2018,190,Gonydale,-40.33968832,-9.91172296,13-Jan-18,30-Jul-18,breeder,,,245,23.0,False,0,No
13242,TRAL_2018_Gonydale105,2018,256,Gonydale,-40.335905,-9.919875,06-Jan-18,02-Jul-18,breeder,,,142,14.4,False,0,No
13252,TRAL_2018_Gonydale114,2018,221,Gonydale,-40.338109,-9.918139,06-Jan-18,22-Oct-18,breeder,,,121,1.0,False,0,No
13257,TRAL_2018_Gonydale119,2018,154,Gonydale,-40.34181993,-9.91286147,13-Jan-18,05-Jun-18,breeder,Female,16.0,225,21.1,True,1,Yes
13265,TRAL_2018_Gonydale126,2018,258,Gonydale,-40.336042,-9.917411,06-Jan-18,05-Jun-18,breeder,,,174,15.7,False,0,No
13269,TRAL_2018_Gonydale13,2018,164,Gonydale,-40.340116,-9.920621,06-Jan-18,22-Oct-18,breeder,,,71,5.0,True,1,Yes
13275,TRAL_2018_Gonydale135,2018,136,Gonydale,-40.34242845,-9.91408096,06-Jan-18,02-Jul-18,breeder,,,264,12.0,False,0,No
13277,TRAL_2018_Gonydale137,2018,110,Gonydale,-40.34407935,-9.91132666,13-Jan-18,06-Apr-18,breeder,,,214,21.6,True,1,Yes
13279,TRAL_2018_Gonydale139,2018,200,Gonydale,-40.338429,-9.920735,06-Jan-18,05-Jun-18,breeder,Male,13.0,177,6.6,True,1,Yes
13283,TRAL_2018_Gonydale142,2018,132,Gonydale,-40.342554,-9.918369,13-Jan-18,30-Aug-18,breeder,Female,29.0,109,12.4,False,0,No
13284,TRAL_2018_Gonydale143,2018,154,Gonydale,-40.34174105,-9.91247616,06-Jan-18,02-Jul-18,breeder,,,240,19.5,False,0,No
13285,TRAL_2018_Gonydale144,2018,169,Gonydale,-40.34026081,-9.91490783,06-Jan-18,30-Aug-18,breeder,Female,16.0,259,9.6,True,1,Yes
13290,TRAL_2018_Gonydale149,2018,134,Gonydale,-40.342484,-9.916463,06-Jan-18,22-Oct-18,breeder,Female,20.0,282,0.9,False,0,No
13295,TRAL_2018_Gonydale154,2018,171,Gonydale,-40.34013273,-9.91240256,06-Jan-18,30-Jul-18,breeder,,,288,18.6,False,0,No
13299,TRAL_2018_Gonydale18,2018,206,Gonydale,-40.33876631,-9.91433183,13-Jan-18,13-Apr-18,breeder,,,256,12.8,False,0,No
13301,TRAL_2018_Gonydale2,2018,243,Gonydale,-40.33709815,-9.91380243,13-Jan-18,06-Apr-18,breeder,,,265,17.6,False,0,No
13302,TRAL_2018_Gonydale20,2018,238,Gonydale,-40.336725,-9.919447,06-Jan-18,13-Apr-18,breeder,,,139,7.9,False,0,No
13311,TRAL_2018_Gonydale32,2018,138,Gonydale,-40.34216333,-9.91218237,19-Jan-18,06-Apr-18,breeder,Male,32.0,244,22.1,False,0,No
13313,TRAL_2018_Gonydale34,2018,243,Gonydale,-40.33697343,-9.91403435,13-Jan-18,22-Oct-18,breeder,Male,19.0,262,22.9,False,0,No
13318,TRAL_2018_Gonydale40,2018,79,Gonydale,-40.34552523,-9.91576103,26-Jan-18,30-Aug-18,breeder,Female,5.0,72,2.0,True,1,Yes
13320,TRAL_2018_Gonydale42,2018,107,Gonydale,-40.344279,-9.914748,13-Jan-18,02-Jul-18,breeder,,,155,4.0,True,1,Yes
13323,TRAL_2018_Gonydale45,2018,134,Gonydale,-40.341866,-9.915742,06-Jan-18,27-Mar-18,breeder,,,82,8.5,False,0,No
13327,TRAL_2018_Gonydale49,2018,153,Gonydale,-40.34130125,-9.91337629,06-Jan-18,22-Oct-18,breeder,,,243,20.0,False,0,No
13328,TRAL_2018_Gonydale5,2018,206,Gonydale,-40.33871661,-9.91446954,06-Jan-18,05-Jun-18,breeder,,,243,12.9,False,0,No
13330,TRAL_2018_Gonydale51,2018,123,Gonydale,-40.34347409,-9.91187777,13-Jan-18,17-Mar-18,breeder,,,205,18.5,False,0,No
13341,TRAL_2018_Gonydale63,2018,223,Gonydale,-40.33763501,-9.91639134,13-Jan-18,02-Jul-18,breeder,,,212,4.0,False,0,No
13345,TRAL_2018_Gonydale67,2018,137,Gonydale,-40.3421376,-9.91281252,06-Jan-18,02-Jul-18,breeder,Female,15.0,218,20.2,False,0,No
13351,TRAL_2018_Gonydale72,2018,122,Gonydale,-40.34280681,-9.91257976,13-Jan-18,22-Oct-18,breeder,,,233,16.4,True,1,Yes
13354,TRAL_2018_Gonydale75,2018,120,Gonydale,-40.34287948,-9.91476743,13-Jan-18,02-Jul-18,breeder,,,94,2.6,True,1,Yes
13355,TRAL_2018_Gonydale76,2018,154,Gonydale,-40.34153452,-9.91285259,13-Jan-18,02-Jul-18,breeder,Male,19.0,227,24.4,False,0,No
13356,TRAL_2018_Gonydale77,2018,241,Gonydale,-40.33655098,-9.91626344,06-Jan-18,05-Jun-18,breeder,,,264,7.6,True,1,Yes
13360,TRAL_2018_Gonydale81A,2018,110,Gonydale,-40.34386687,-9.91165599,13-Jan-18,04-May-18,breeder,,,225,12.0,True,1,Yes
13368,TRAL_2018_Gonydale88,2018,238,Gonydale,-40.337268,-9.920163,06-Jan-18,04-May-18,breeder,,,143,10.7,True,1,Yes
13371,TRAL_2018_Gonydale90,2018,106,Gonydale,-40.344056,-9.916323,13-Jan-18,22-Oct-18,breeder,,,136,4.3,False,0,No
13372,TRAL_2018_Gonydale91,2018,107,Gonydale,-40.34405,-9.915234,13-Jan-18,05-Apr-18,breeder,Female,12.0,157,7.9,True,1,Yes
13377,TRAL_2018_Gonydale96,2018,205,Gonydale,-40.33843615,-9.91471455,06-Jan-18,23-Mar-18,breeder,,,223,13.3,True,1,Yes
13247,TRAL_2018_Gonydale11,2018,152,Gonydale,-40.34117259,-9.91479585,06-Jan-18,05-Mar-18,breeder,,,224,6.6,True,1,Yes
13264,TRAL_2018_Gonydale125,2018,240,Gonydale,-40.336787,-9.916952,06-Jan-18,27-Mar-18,breeder,Female,22.0,180,4.6,True,1,Yes
13298,TRAL_2018_Gonydale17,2018,242,Gonydale,-40.337011,-9.91527,19-Jan-18,23-Feb-18,breeder,Female,5.0,252,10.0,True,1,Yes
13308,TRAL_2018_Gonydale27,2018,205,Gonydale,-40.33876003,-9.9150893,13-Jan-18,02-Jul-18,breeder,Male,20.0,238,8.4,True,1,Yes
13321,TRAL_2018_Gonydale43,2018,78,Gonydale,-40.346078,-9.917181,19-Jan-18,02-Jul-18,breeder,,,121,5.7,True,1,Yes
13322,TRAL_2018_Gonydale44,2018,168,Gonydale,-40.34062475,-9.91653493,06-Jan-18,22-Oct-18,breeder,Male,13.0,273,3.2,False,0,No
13241,TRAL_2018_Gonydale104,2018,237,Gonydale,-40.336405,-9.921363,06-Jan-18,22-Oct-18,breeder,,,149,9.7,False,0,No
13243,TRAL_2018_Gonydale106,2018,149,Gonydale,-40.341266,-9.91813,06-Jan-18,22-Oct-18,breeder,,,86,5.9,False,0,No
13244,TRAL_2018_Gonydale107,2018,79,Gonydale,-40.345645,-9.91597,13-Jan-18,30-Jul-18,breeder,,,80,9.0,True,1,Yes
13251,TRAL_2018_Gonydale113,2018,224,Gonydale,-40.33818469,-9.91452444,06-Jan-18,05-Jun-18,breeder,Female,13.0,236,12.4,True,1,Yes
13259,TRAL_2018_Gonydale120,2018,219,Gonydale,-40.337697,-9.920749,06-Jan-18,05-Mar-18,breeder,Female,16.0,132,5.0,False,0,No
13260,TRAL_2018_Gonydale121,2018,186,Gonydale,-40.339518,-9.916846,13-Jan-18,05-Jun-18,breeder,,,149,3.8,False,0,No
13263,TRAL_2018_Gonydale124,2018,257,Gonydale,-40.336077,-9.918723,06-Jan-18,05-Jun-18,breeder,,,177,13.1,True,1,Yes
13273,TRAL_2018_Gonydale133,2018,121,Gonydale,-40.34286959,-9.91365943,06-Jan-18,22-Oct-18,breeder,Male,8.0,226,10.1,False,0,No
13303,TRAL_2018_Gonydale21,2018,78,Gonydale,-40.346193,-9.917886,13-Jan-18,05-Mar-18,breeder,,,216,5.1,False,0,No
13310,TRAL_2018_Gonydale3,2018,256,Gonydale,-40.335536,-9.919696,13-Jan-18,05-Jun-18,breeder,Male,8.0,145,10.1,True,1,Yes
13314,TRAL_2018_Gonydale36,2018,162,Gonydale,-40.339994,-9.923339,13-Jan-18,30-Aug-18,breeder,,,28,15.5,False,0,No
13316,TRAL_2018_Gonydale38,2018,220,Gonydale,-40.337691,-9.920132,06-Jan-18,22-Oct-18,breeder,,,108,6.4,True,1,Yes
13331,TRAL_2018_Gonydale52,2018,222,Gonydale,-40.33793902,-9.91716927,06-Jan-18,02-Jul-18,breeder,Male,23.0,251,3.4,False,0,No
13333,TRAL_2018_Gonydale55,2018,186,Gonydale,-40.33943033,-9.91683575,06-Jan-18,04-May-18,breeder,,,119,3.4,False,0,No
13335,TRAL_2018_Gonydale57,2018,189,Gonydale,-40.33940317,-9.91294026,06-Jan-18,02-Jul-18,breeder,,,253,16.1,True,1,Yes
13344,TRAL_2018_Gonydale66,2018,106,Gonydale,-40.343989,-9.9161,13-Jan-18,05-Apr-18,breeder,Male,12.0,151,4.4,True,1,Yes
13346,TRAL_2018_Gonydale68,2018,200,Gonydale,-40.338514,-9.920847,06-Jan-18,10-Jun-18,breeder,,,173,3.3,True,1,Yes
13350,TRAL_2018_Gonydale71,2018,165,Gonydale,-40.340612,-9.920013,13-Jan-18,30-Jul-18,breeder,,,18,9.9,True,1,Yes
13353,TRAL_2018_Gonydale74,2018,241,Gonydale,-40.33655064,-9.91605481,06-Jan-18,02-Jul-18,breeder,,,266,7.7,True,1,Yes
13358,TRAL_2018_Gonydale79,2018,169,Gonydale,-40.34062383,-9.91550169,06-Jan-18,02-Jul-18,breeder,Male,5.0,250,4.3,False,0,No
13363,TRAL_2018_Gonydale83,2018,218,Gonydale,-40.337935,-9.922521,06-Jan-18,17-Mar-18,breeder,Female,13.0,156,13.4,True,1,Yes
13370,TRAL_2018_Gonydale9,2018,199,Gonydale,-40.338722,-9.922539,06-Jan-18,05-Apr-18,breeder,,,127,2.1,False,0,No
13373,TRAL_2018_Gonydale92,2018,188,Gonydale,-40.33918105,-9.91349062,06-Jan-18,22-Oct-18,breeder,Female,22.0,252,13.2,True,1,Yes
13230,TRAL_2018_Gony_Path28,2018,57,Gonydale,-40.347812,-9.909857,14-Jan-18,17-Mar-18,breeder,,,126,9.1,False,0,No
13234,TRAL_2018_Gony_Path80,2018,83,Gonydale,-40.346061,-9.911809,14-Jan-18,05-Apr-18,breeder,,,116,6.1,False,0,No
13249,TRAL_2018_Gonydale111,2018,96,Gonydale,-40.345181,-9.912999,19-Jan-18,04-May-18,breeder,,,124,4.7,False,0,No
13280,TRAL_2018_Gonydale14,2018,201,Gonydale,-40.33877,-9.919416,13-Jan-18,26-Jan-18,breeder,Male,12.0,169,4.0,False,0,No
13286,TRAL_2018_Gonydale145,2018,204,Gonydale,-40.33905817,-9.91609639,06-Jan-18,02-Jul-18,breeder,Female,7.0,245,4.9,False,0,No
13288,TRAL_2018_Gonydale147,2018,187,Gonydale,-40.33936688,-9.91522525,06-Jan-18,02-Jul-18,breeder,,,256,5.8,True,1,Yes
13292,TRAL_2018_Gonydale150,2018,206,Gonydale,-40.33905826,-9.91418364,13-Jan-18,05-Jun-18,breeder,,,246,11.8,True,1,Yes
13304,TRAL_2018_Gonydale22,2018,185,Gonydale,-40.339913,-9.917353,06-Jan-18,19-Jan-18,breeder,Male,22.0,103,3.9,True,1,Yes
13306,TRAL_2018_Gonydale24,2018,240,Gonydale,-40.33681,-9.917279,06-Jan-18,27-Mar-18,breeder,Female,8.0,176,5.7,True,1,Yes
13309,TRAL_2018_Gonydale29,2018,187,Gonydale,-40.339763,-9.915072,19-Jan-18,30-Jul-18,breeder,Male,22.0,248,7.4,False,0,No
13326,TRAL_2018_Gonydale48,2018,206,Gonydale,-40.33907083,-9.91401248,06-Jan-18,02-Jul-18,breeder,,,255,17.9,True,1,Yes
13329,TRAL_2018_Gonydale50,2018,153,Gonydale,-40.3410384,-9.91415354,06-Jan-18,05-Jun-18,breeder,Male,16.0,228,8.8,False,0,No
13334,TRAL_2018_Gonydale56,2018,122,Gonydale,-40.34346596,-9.91295007,13-Jan-18,05-Jun-18,breeder,Female,12.0,216,15.1,False,0,No
13336,TRAL_2018_Gonydale59,2018,95,Gonydale,-40.344691,-9.914052,06-Jan-18,22-Oct-18,breeder,Female,7.0,329,6.5,True,1,Yes
13338,TRAL_2018_Gonydale60,2018,204,Gonydale,-40.33866908,-9.91568961,06-Jan-18,30-Jul-18,breeder,,,249,9.9,True,1,Yes
13376,TRAL_2018_Gonydale95,2018,167,Gonydale,-40.340023,-9.917273,13-Jan-18,22-Oct-18,breeder,,,145,1.9,False,0,No
13229,TRAL_2018_Gony_Path151,2018,83,Gonydale,-40.345746,-9.91197,14-Jan-18,05-Jun-18,breeder,Male,5.0,127,8.5,False,0,No
13231,TRAL_2018_Gony_Path30,2018,82,Gonydale,-40.345707,-9.912433,14-Jan-18,05-Apr-18,breeder,,,146,8.7,False,0,No
13232,TRAL_2018_Gony_Path31,2018,83,Gonydale,-40.345901,-9.912173,14-Jan-18,04-May-18,breeder,,,138,8.9,False,0,No
13233,TRAL_2018_Gony_Path35,2018,56,Gonydale,-40.34757695,-9.91070758,26-Jan-18,05-Jun-18,breeder,,,147,13.6,False,0,No
13235,TRAL_2018_Gonydale1,2018,139,Gonydale,-40.34250489,-9.91059132,19-Jan-18,26-Mar-18,breeder,,,251,28.0,False,0,No
13236,TRAL_2018_Gonydale10,2018,135,Gonydale,-40.34185429,-9.9146666,06-Jan-18,22-Oct-18,breeder,,,187,5.8,False,0,No
13238,TRAL_2018_Gonydale101,2018,166,Gonydale,-40.340014,-9.919145,06-Jan-18,22-Oct-18,breeder,,,73,3.8,False,0,No
13245,TRAL_2018_Gonydale108,2018,121,Gonydale,-40.343391,-9.914385,13-Jan-18,22-Oct-18,breeder,,,20,6.3,False,0,No
13246,TRAL_2018_Gonydale109,2018,239,Gonydale,-40.336474,-9.918993,13-Jan-18,02-Jul-18,breeder,Male,32.0,161,7.8,True,1,Yes
13248,TRAL_2018_Gonydale110,2018,164,Gonydale,-40.3404,-9.920606,19-Jan-18,05-Apr-18,breeder,,,15,5.1,False,0,No
13250,TRAL_2018_Gonydale112,2018,239,Gonydale,-40.33686,-9.918683,06-Jan-18,22-Oct-18,breeder,,,155,4.4,False,0,No
13253,TRAL_2018_Gonydale115,2018,109,Gonydale,-40.3438916,-9.91228798,13-Jan-18,22-Oct-18,breeder,,,233,12.8,True,1,Yes
13254,TRAL_2018_Gonydale116,2018,121,Gonydale,-40.34282223,-9.91442327,13-Jan-18,05-Feb-18,breeder,Male,20.0,187,4.9,False,0,No
13255,TRAL_2018_Gonydale117,2018,110,Gonydale,-40.34412168,-9.91180753,13-Jan-18,06-Apr-18,breeder,Male,7.0,204,18.1,False,0,No
13256,TRAL_2018_Gonydale118,2018,189,Gonydale,-40.33989594,-9.91311737,27-Mar-18,02-Jul-18,breeder,,,250,20.1,False,0,No
13258,TRAL_2018_Gonydale12,2018,152,Gonydale,-40.34154709,-9.91553798,06-Jan-18,30-Jul-18,breeder,,,231,4.9,False,0,No
13261,TRAL_2018_Gonydale122,2018,187,Gonydale,-40.33923905,-9.91537655,13-Jan-18,22-Oct-18,breeder,,,250,5.5,False,0,No
13262,TRAL_2018_Gonydale123,2018,186,Gonydale,-40.3399236,-9.91604157,13-Jan-18,22-Oct-18,breeder,,,264,2.0,False,0,No
13266,TRAL_2018_Gonydale127,2018,123,Gonydale,-40.34320822,-9.91127805,19-Jan-18,22-Oct-18,breeder,,,244,22.2,False,0,No
13267,TRAL_2018_Gonydale128,2018,163,Gonydale,-40.340163,-9.922007,06-Jan-18,22-Oct-18,breeder,,,37,4.1,True,1,Yes
13268,TRAL_2018_Gonydale129,2018,203,Gonydale,-40.338906,-9.917722,06-Jan-18,22-Oct-18,breeder,Male,22.0,159,3.1,False,0,No
13270,TRAL_2018_Gonydale130,2018,136,Gonydale,-40.34189545,-9.91340009,06-Jan-18,05-Jun-18,breeder,Male,11.0,235,17.6,False,0,No
13271,TRAL_2018_Gonydale131,2018,222,Gonydale,-40.33741021,-9.9170914,06-Jan-18,22-Oct-18,breeder,,,231,3.4,False,0,No
13272,TRAL_2018_Gonydale132,2018,201,Gonydale,-40.338391,-9.920047,06-Jan-18,05-Apr-18,breeder,,,189,4.7,False,0,No
13274,TRAL_2018_Gonydale134,2018,110,Gonydale,-40.34449082,-9.91107361,13-Jan-18,06-Apr-18,breeder,Female,22.0,196,22.0,False,0,No
13276,TRAL_2018_Gonydale136,2018,136,Gonydale,-40.34196024,-9.91435907,06-Jan-18,05-Jun-18,breeder,,,226,4.9,False,0,No
13278,TRAL_2018_Gonydale138,2018,259,Gonydale,-40.33601353,-9.91592347,06-Jan-18,05-Mar-18,breeder,,,221,11.6,False,0,No
13281,TRAL_2018_Gonydale140,2018,93,Gonydale,-40.344859,-9.916418,13-Jan-18,22-Oct-18,breeder,,,73,3.0,False,0,No
13282,TRAL_2018_Gonydale141,2018,256,Gonydale,-40.336062,-9.919855,06-Jan-18,17-Apr-18,breeder,Female,8.0,126,13.4,False,0,No
13287,TRAL_2018_Gonydale146,2018,222,Gonydale,-40.33775018,-9.917338,06-Jan-18,02-Jul-18,breeder,,,134,1.8,False,0,No
13289,TRAL_2018_Gonydale148,2018,259,Gonydale,-40.33590021,-9.91601885,06-Jan-18,05-Jun-18,breeder,,,214,14.6,False,0,No
13291,TRAL_2018_Gonydale15,2018,238,Gonydale,-40.336948,-9.919763,19-Jan-18,22-Oct-18,breeder,,,158,9.7,False,0,No
13293,TRAL_2018_Gonydale152,2018,138,Gonydale,-40.34274101,-9.91212546,13-Jan-18,22-Oct-18,breeder,,,240,22.6,False,0,No
13294,TRAL_2018_Gonydale153,2018,242,Gonydale,-40.33655567,-9.91471245,06-Jan-18,22-Oct-18,breeder,,,241,13.4,False,0,No
13296,TRAL_2018_Gonydale155,2018,187,Gonydale,-40.33991111,-9.91537881,06-Jan-18,02-Jul-18,breeder,,,259,5.2,False,0,No
13297,TRAL_2018_Gonydale16,2018,98,Gonydale,-40.34507738,-9.9098859,13-Jan-18,05-Jun-18,breeder,,,192,29.3,False,0,No
13300,TRAL_2018_Gonydale19,2018,138,Gonydale,-40.34232586,-9.91163026,13-Jan-18,22-Oct-18,breeder,,,238,19.5,False,0,No
13305,TRAL_2018_Gonydale23,2018,151,Gonydale,-40.34106329,-9.91648422,06-Jan-18,22-Oct-18,breeder,,,210,2.5,False,0,No
13307,TRAL_2018_Gonydale26,2018,150,Gonydale,-40.3417,-9.917581,06-Jan-18,02-Jul-18,breeder,Female,16.0,80,9.5,False,0,No
13312,TRAL_2018_Gonydale33,2018,224,Gonydale,-40.338024,-9.914795,19-Jan-18,22-Oct-18,breeder,,,258,17.7,False,0,No
13315,TRAL_2018_Gonydale37,2018,117,Gonydale,-40.342826,-9.918602,19-Jan-18,05-Apr-18,breeder,,,131,11.1,False,0,No
13317,TRAL_2018_Gonydale4,2018,239,Gonydale,-40.336476,-9.918834,06-Jan-18,02-Jul-18,breeder,,,170,8.1,False,0,No
13319,TRAL_2018_Gonydale41,2018,136,Gonydale,-40.34234438,-9.91369925,06-Jan-18,05-Jun-18,breeder,Male,13.0,252,10.0,False,0,No
13324,TRAL_2018_Gonydale46,2018,138,Gonydale,-40.34255845,-9.91181139,13-Jan-18,22-Oct-18,breeder,,,237,18.8,False,0,No
13325,TRAL_2018_Gonydale47,2018,225,Gonydale,-40.337777,-9.91373294,06-Jan-18,05-Jun-18,breeder,Female,19.0,253,16.2,True,1,Yes
13332,TRAL_2018_Gonydale53,2018,224,Gonydale,-40.3377827,-9.91508377,06-Jan-18,22-Oct-18,breeder,,,267,11.0,False,0,No
13337,TRAL_2018_Gonydale6,2018,109,Gonydale,-40.34441018,-9.91227214,13-Jan-18,22-Oct-18,breeder,,,178,11.9,False,0,No
13339,TRAL_2018_Gonydale61,2018,122,Gonydale,-40.34297009,-9.91275268,13-Jan-18,22-Oct-18,breeder,,,235,12.5,False,0,No
13340,TRAL_2018_Gonydale62,2018,242,Gonydale,-40.33716738,-9.91457859,06-Jan-18,05-Jun-18,breeder,,,255,13.1,False,0,No
13342,TRAL_2018_Gonydale64,2018,187,Gonydale,-40.33969184,-9.91523816,06-Jan-18,05-Jun-18,breeder,,,247,6.8,False,0,No
13343,TRAL_2018_Gonydale65,2018,205,Gonydale,-40.33829257,-9.91524378,06-Jan-18,05-Jun-18,breeder,Male,19.0,242,9.8,False,0,No
13347,TRAL_2018_Gonydale69,2018,188,Gonydale,-40.33931357,-9.91441791,06-Jan-18,02-Jul-18,breeder,,,256,10.1,True,1,Yes
13348,TRAL_2018_Gonydale7,2018,168,Gonydale,-40.34054026,-9.91667951,06-Jan-18,22-Oct-18,breeder,,,332,1.4,False,0,No
13349,TRAL_2018_Gonydale70,2018,132,Gonydale,-40.342237,-9.91872,13-Jan-18,02-Jul-18,breeder,,,115,12.9,False,0,No
13352,TRAL_2018_Gonydale73,2018,93,Gonydale,-40.344723,-9.916431,13-Jan-18,27-Mar-18,breeder,,,77,2.1,False,0,No
13357,TRAL_2018_Gonydale78,2018,168,Gonydale,-40.34088048,-9.91599186,13-Jan-18,30-Aug-18,breeder,Female,14.0,224,2.6,False,0,No
13359,TRAL_2018_Gonydale8,2018,163,Gonydale,-40.340627,-9.921965,06-Jan-18,06-Jan-18,breeder,,,67,6.9,False,0,No
13361,TRAL_2018_Gonydale81B,2018,243,Gonydale,-40.33656833,-9.91367745,04-May-18,22-Oct-18,breeder,,,259,18.7,False,0,No
13362,TRAL_2018_Gonydale82,2018,107,Gonydale,-40.344507,-9.915073,13-Jan-18,22-Oct-18,breeder,Male,16.0,54,1.4,False,0,No
13364,TRAL_2018_Gonydale84,2018,258,Gonydale,-40.336122,-9.917116,06-Jan-18,05-Jun-18,breeder,,,162,13.9,False,0,No
13365,TRAL_2018_Gonydale85,2018,119,Gonydale,-40.343213,-9.916036,06-Jan-18,22-Oct-18,breeder,Male,23.0,84,4.9,False,0,No
13366,TRAL_2018_Gonydale86,2018,93,Gonydale,-40.34477,-9.915855,06-Jan-18,27-Mar-18,breeder,,,102,4.7,False,0,No
13367,TRAL_2018_Gonydale87,2018,198,Gonydale,-40.338513,-9.923315,06-Jan-18,05-Jun-18,breeder,Female,16.0,131,5.5,False,0,No
13369,TRAL_2018_Gonydale89,2018,110,Gonydale,-40.34376813,-9.91191415,13-Jan-18,06-Apr-18,breeder,,,207,18.0,False,0,No
13374,TRAL_2018_Gonydale93,2018,222,Gonydale,-40.337602,-9.917187,19-Jan-18,05-Feb-18,breeder,Female,9.0,199,2.4,False,0,No
13375,TRAL_2018_Gonydale94,2018,221,Gonydale,-40.337637,-9.918472,06-Jan-18,22-Oct-18,breeder,,,155,4.8,False,0,No
13378,TRAL_2018_Gonydale97,2018,121,Gonydale,-40.3434865,-9.91345977,13-Jan-18,02-Jul-18,breeder,,,218,8.7,False,0,No
13379,TRAL_2018_Gonydale98,2018,217,Gonydale,-40.337339,-9.922958,06-Jan-18,05-Apr-18,breeder,Female,14.0,146,18.2,False,0,No
13380,TRAL_2018_Gonydale99,2018,167,Gonydale,-40.340229,-9.917688,13-Jan-18,22-Oct-18,breeder,Male,18.0,162,4.1,False,0,No
